{
	"ru-en":{
		"73365e38bf2b65234d77914e34d9fae0":"and",
		"44121e61d53a4a0667b9cc77c6b669bd":"i l",
		"e91661b4ef7782b98d17b8048029145c":"i lov",
		"d6ab95ed200063d045a0623f03e2b7f5":"i love",
		"586792cd97c60d3b09d27394795ca9c3":"i love",
		"59a4862869c12a40682380e030752c76":"i love",
		"9d9e8b38f58650635aa3f729d65dda16":"i love",
		"eeb97199388e44ef2a127b950816a69f":"i love",
		"7490144b61a1332439f3b2da23ebf40a":"i love fd",
		"14f31a6023fac8ad8490224109dd7615":"i love",
		"a3e8a76e0b77b58d28d10748493996b9":"i love p",
		"e360d7e1752c535deaf8b8213f28a0a1":"i love pen",
		"85747617580505fcb75a9bebcb457cb4":"i love penis",
		"f3db4b52829c8c87fb679a8cb1983abc":"i love penis",
		"e275f812614591d47850c09d70149109":"i love penis",
		"7974280c3b7655f30489f6c3f8df5bd9":"i love penis",
		"a5e2e1177a5c91c27a888fa707f39b75":"Home h",
		"769c8dcc6db545a5094211bc6e539f3b":"Home hi",
		"a62e2115bfb81289a15fc578562809a8":"hello p",
		"39cdfb892d239537995a99e2c9ae24cf":"hello rus",
		"cd0fd13138dac2593fc1bc3dd87b6d3d":"hello russian",
		"250530e9c7d4c3fd6b9c985ddb57806d":"hello russian",
		"9242205881ec237e7a9a03d2a2674590":"Sign in",
		"79d636ccef972a9d10db69750cd53e8b":"Hello World",
		"ecd834505a37ecdb9d95e069571149ac":"Test file",
		"902e0861c9fc40ec909e1a2b762d8689":"Test",
		"118b3bb4384795dc26ec82f8efed05e2":"Test",
		"54be25d598934860107868ed5ccd8c14":"Test fd",
		"55b6e37b389cc21d6a761313098a7305":"Test fds",
		"9dfabf1362f232ab9a4130bbe375a478":"Test file2",
		"eb6d02a2ba9a4e60e912887bff2080cd":"test file",
		"9f5bbb6f2fe303b1806d9d8645c4d89e":"r",
		"71784916e5ff3ed12be954f7c97fb1ee":"ridge",
		"230bec252ce214775404226674da9660":"mud",
		"8fa20e7285c0b56a2867f39dcc98672c":"dirty",
		"ed2c578d4f342330da8bb8d08d08b27e":"dirty n",
		"d2853a31e3442da5f85b4aeb01ffcc2e":"dirty nose",
		"29be8d0f0dd937c12c4a55fad1e692a3":"dirty sock",
		"82f957dafb60033feed10d3bee7afca4":"R \/ N \/ A \/ T",
		"8b7f83c9c0a360c6a8d6fc6c9501d9de":"R \/ N \/ C",
		"a27db29d5d40b83d04481349a9d2fcbb":"D \/ N",
		"7a161d2ebbbfa008b8f8319fc4cfe6b1":"Reading the value of the op3 parameter from the op2 port",
		"11c1065009f64c255f02ed338eb0a145":"Writing a value to the op2 parameter of the op1 port",
		"dc728dab99871af441f0bc41aa112d8a":"Reading the op4 value from the op3 slot of the op2 port",
		"ca54e35f6ac165bbdae3e11948742437":"Reading op4 reagent value in op3 mode from op2 port",
		"bffdad4f6e867845c8eead079cbbeff9":"Set an alias for the register or data channel",
		"68ab2263169407e1b20ee92f494969c1":"Set a name for the constant",
		"e1b280473d6adf362dc45fff7ab0ef59":"Assigning a value",
		"cf59ebf9edf7ebe3ece76645abb6de12":"Amount",
		"45eb712eebbca6dd67c59f1e49748867":"Difference",
		"b386ad05782032beb0f85cca6c014724":"Composition",
		"8790da76e7be18e892ce301e14f74a54":"Division",
		"cbb41c052d0d77db3e1c513f89bda213":"Remainder of integer division of op2 by op3 (the result is not equivalent to the% operator, and will be positive for any signs of op2 and op3)",
		"59c4075e19f719129129dcbc6da286a4":"Square root",
		"d833f71989f157f3f8736dbace987795":"Round to the nearest integer",
		"2c688bcdd926a1dc72a86fb35beaf205":"The integer part of number",
		"24d7bbb62cfed082cfb5124ddf09c59e":"Round up to nearest integer",
		"c3c2b69fec71f5c53982844f8cd03842":"Round down to nearest integer",
		"9ea0cad32e4da55dd8ffc601b1640375":"Maximum of two",
		"33ab203dffde25c4e535bfa34b03e4fe":"The minimum of two",
		"bd05f59bddcce972055ef344aa150e78":"The absolute value of the number",
		"c8c989ed3100b9af4553e58e8dde304d":"Natural logarithm",
		"16084eff0ffabff664a3459d73acc9f0":"Exhibitor",
		"f461e9efda7758a014d93485703ef3d2":"Random variable from 0 to 1 inclusive",
		"37a5c4a9476d515272c72cb11e886c11":"Sinus*",
		"a0fb5968d5a5e1957da93aa6f36582b5":"Cosine*",
		"55a3d661a55556154aced1c8594c6bf2":"Tangent*",
		"7e49a8975f10d26e283e76ce4388e840":"Arcsine *",
		"cf25d410c31fd0220513eccd0db9e185":"Arccosine *",
		"8257131972f74c8a5dfd290740f3ce38":"Arctangent *",
		"166405857bffb79283065d23285f42da":"If op2 <op3, then one, otherwise zero",
		"c7eb5dc1737413b1fa3c123b642f0842":"If op2 <0, then one, otherwise zero",
		"40a6a1d13cb1b8a611cdd4a25fc0ffd5":"If op2> op3, then one, otherwise zero",
		"58ca7dda7ae083bcf501a34377d7f9c0":"If op2> 0, then one, otherwise zero",
		"3e0e350d0c6cd628ad2a616ac6dbc428":"If op2 op3, then one, otherwise zero",
		"c11a8e6b5730ebc1fa98270bfb2988ee":"If op2 0, then one, otherwise zero",
		"26c50e9211187dd2df02fd162b5fb401":"If op2 = op3, then one, otherwise zero",
		"5f07dec2aaa982e66dd4cddc727e8a90":"If op2 = 0, then one, otherwise zero",
		"88161a451f3fb32c9e6278375ebbd64e":"If op2 op3 with precision op4, then one, otherwise zero",
		"9bc7af324e440ce7775221f969885b6e":"If op2 0 with precision op3, then one, otherwise zero",
		"f760523cbed2dcb1f7f6850a9d470247":"If channel op2 is set to one, otherwise zero",
		"c3caaf0e44418471c0c2b61f13df4822":"If channel op2 is not set to then one, otherwise zero",
		"cc9df82784d88c9d4c969dfa34ec990c":"Logical AND, one if both op2 and op3 are true, zero otherwise",
		"bc83f88285d2237da6b98474057f877a":"Logical OR, zero if both op2 and op3 are false, one otherwise",
		"34dad006a1e0734c3d4dfa27e52e0dcf":"Exclusive OR, one if one and only one of op2 and op3 is true, zero otherwise",
		"17caea60d14dc4c55aa8354985553ec6":"Inverse OR, one if both op2 and op3 are false, zero otherwise",
		"0e14241d088d8bc026747bd278bd54f4":"R \/ N \/ O",
		"14f540e14ee83bcfd7619fb936707767":"Write the top value from the stack to op1 without moving the stack",
		"a3bbd894eef47d923ad649f224f25bd2":"Put op1 on the stack",
		"4e950bbaadb0d6a25ac468885c0c239c":"Pop the value off the stack and write to op1",
		"75c114e9b65b6fd052fe4e2951fc71ac":"Ternary select. If op2 is true, then op1: = op3, otherwise op1: = op4",
		"34948c042729fb0b0dc3cb9e2896d7e6":"Special port for socket access",
		"b81217ff3f9839a3092253d2eb1d93da":"port for access to external device # 0",
		"25360f15761bd7bd2d754d5bd4a08cb4":"port for access to external device # 1",
		"f1b9a2cd6ff9c6084071ec69b9420c17":"port for access to external device # 2",
		"55947d9affcc276958f6a6fce18386c1":"port for access to external device No. 3",
		"38c29b4a93a1a3bc18d50509203554ed":"port for access to external device No. 4",
		"5f0154b7b778ed5e5d54ee9b02c8a6f0":"port for access to external device No. 5",
		"98bb7f470218263937ec5fbc791ea474":"0 - manual control unlocked, 1 - locked",
		"f7d606e287531061ea407c3a8b06de6a":"0 - no power or off, 1 - power on",
		"ff8bc3013d455b8422196b665c686562":"0 - ejection closed, 1 - open",
		"22d4e15f4444ff494634f694b5e53602":"0 - normal operation, 1 - error",
		"77152cc0f112b17c417d535d1be7fea5":"-1 - stop, 0 - not working 1 - working",
		"6641a3ed7f7b72f9a5bc1cf6123fe10a":"total weight of ingredients in grams",
		"050a8a992f2eb529fb02603e3f288684":"0 - disabled 1 - disabled",
		"51a4db25b7806a04794f6467b2baa10d":"consumed energy, W",
		"9348c24165fac2f9d6d20d0cba1c2df0":"hash of the selected recipe",
		"b2e8e83f9f378e0b834f1bdb0696df35":"production stage in%",
		"4177aa223b8fb7a2f42fcd6a76e4af2c":"counter of objects passed through the export slot",
		"96619857d008da23d27cfd5009b6fb09":"counter of objects passed through the import slot",
		"efbf88720aa698b455092643d22bb4c2":"0 - slot free, 1 - busy",
		"ce274bf15128b5345f9546ea94bd9712":"hash of the object in the slot",
		"52eec5bbba296cd063845fe09d9eb117":"mass \/ number of items in the slot",
		"765be3cc8f0ec80e35f2395288b10653":"object damage level",
		"39b838b8e3ee2498742f92417203ea37":"the class of the object in the slot",
		"262618822c170e873c4ce19d84e59b6e":"maximum number of items in a slot",
		"b2b55fcc795b25069058aa6db9bcdc5e":"hash of the Prefab object",
		"871851f3851d9ecf910b96eea297a89f":"> = 1 - resets counters",
		"4ee5f63e4334790e4b92707369ae1d3b":"angle to the sun in degrees",
		"4ec0547a15a15dc0bb2e96926488ab17":"angle with respect to the Sun in degrees in the horizontal projection of the Sun on the plane of the sensor",
		"9daac7def49b449f89a5c87ca137e0c4":"operating mode",
		"36c147ad50026f7b77bb9fc9b293df1a":"temperature, K",
		"943c09dda981ed519c728ae4877d37b8":"pressure, kPa",
		"41459803c7e032572f7cf20b460d102e":"1 - ignition detected, 0 - in all other cases",
		"0983cadee1dc037260fef9a3ec5d5675":"oxygen fraction",
		"e2a28a3c44a49e4dc701c8b311840089":"fraction of carbon dioxide",
		"6801f434ca6d22e66c95360ca4a3b7d9":"proportion of nitrogen",
		"418d1265ed4c0657de77dfc49b59bac5":"proportion of toxins",
		"090cfd3689d8f970752a85911464edea":"fraction of volatile gases",
		"308fe3724c95d20ac8801b458fc577fc":"fraction of water vapor",
		"ed73111a03a86f5fce63add6a7b74d10":"proportion of nitrous oxide",
		"68a675cd0f161bc32199565bd12474aa":"Battery or accumulator charge, J. The level of electricity generation by the solar panel, W.",
		"42c56afde62ae2753fade3e156fc93e2":"Color of LED lamp, fixed beacon and LED display",
		"a31d32682f65d5348be3cbc423881403":"For reading - the level at which the elevator car is located, or -1 if there is no car. On record - sends the elevator to the specified floor.",
		"cbc43076d12774745be90d828cf80add":"Elevator car speed, m \/ tick. A negative value corresponds to a downward movement, 0 to a stationary booth, and a positive value to an upward movement.",
		"00e1fa28fcd69b3a2ed44d57eb31dd11":"Switches the filtration of the spent mixture in a rugged spacesuit.",
		"37ff601c1f700e450d174fc07e8f3cfc":"Forces write and multi-write chips to transmit the current value to the hardware.",
		"a7f461288881e3525b69f7df373afb52":"Activates harvesting in an automatic hydroponic station.",
		"ebb7e0d4ff279998bfb39ef6948694c9":"Loading the arc furnace. 0 - ore not loaded, 1 - loaded.",
		"1a3273feff4c627e8820a7bb6b983985":"The maximum value of any equipment parameter, such as battery charge or pressure at the inlet to the combustion chamber of a jet engine. Very often present, but not used.",
		"7c60c360bae0f7f653855ec233b223f6":"For the sorter - r \/ w, Int - the next output to which the object will be sent. <br> For the stacker - w, Trigger - unloads the accumulated packing of objects into the export slot.",
		"12d1199a6f3f98df89abf0cb1b2d9006":"Starts the process of planting a plant from the import slot in an automatic hydroponic station.",
		"2daf97c0887b2a87678e6f6ef1af541c":"the X coordinate of the current position",
		"3d4adb2f9880270b91c49d40e804a0d9":"the y-coordinate of the current position",
		"46ba1cc8c2f977ff0b8e81fb72bef8c9":"the Z coordinate of the current position",
		"e44a037363c191f5ce3e764681caab17":"Total electricity consumption by all devices in the network, W.",
		"345b07fc7cbc467bf0b42539cec3b06d":"Generator's current electricity production, W.",
		"f71a266b8acae39ebb028a4a73f11cd6":"Maximum available power of the network, W.",
		"d4da5aa80ba00da4aa9dfaf40d3d943b":"The total demand for electricity of all devices in the network, W.",
		"5e0a0b665f32ddf4810224af4d55849e":"atmospheric pressure in the environment, kPa",
		"ea9542d3e8552532bc31bcac65617c76":"Pressure in the pipeline at which the active ventilation stops, kPa. Installed but not used.",
		"90ef04f16cedef556b5470723c018e99":"For batteries - Charge \/ Maximum ratio. <br> For other devices - Setting \/ Maximum ratio.",
		"89d60b8462ab0d25276ffb029eb323a0":"Energy required to operate the device, W.",
		"1305d69d69e89ef462364c0e5f11bde2":"The current value of some parameter of the equipment. The type and possible values ​​depend on the equipment.",
		"e5e381e0f81f3964da8e579be2f9d2ab":"target X coordinate",
		"87dfd929d02aad152f0c1b7df5bda6d9":"target Y coordinate",
		"8abaad85410f401f650f12ef767837a0":"target Z coordinate",
		"441f64b10c580c8a9c4ae89dc5c007d9":"temperature of the outer atmosphere, K",
		"9d022d9951933d0f58402d5965c04776":"The set temperature inside a durable spacesuit, K.",
		"030b5ab78026b0886ea4077e928cfd9a":"The total amount of gas inside the pipeline, mol.",
		"3219a6ee7addff3d97155ad96daa41c3":"bot movement speed module",
		"4614f7e3517b967f6aae6c0850db2eb1":"speed of movement along the X coordinate",
		"edea6aaf3a527a45771733795cdef1cd":"speed of movement along the Y coordinate",
		"8f6d1adae9be472a75e5612b0999b012":"speed of movement along the Z coordinate",
		"c1ddbb30be596ff0dedc6c72c68aae55":"Volume",
		"ad555b15aaab1dfcdd580f4777d35254":"Battery charge in the slot, J.",
		"467e70134dd9ebaa6e19b69092ea2494":"Battery charge level in the slot.",
		"fe638b05deffda37bda26f5f6d4a935a":"0 - everything that does not belong to other classes; <br> 1 - helmets; <br> 2 - suits and armor; <br> 3 - jetpacks and backpacks; <br> 4 - gas filters; <br> 5 - gas cylinders; <br> 6 - motherboards; <br> 7 - printed circuit boards; <br> 8 - data disc; <br> 9 - organs (brain, lungs); <br> 10 - ores; <br> 11 - plants; <br> 12 - uniforms; <br> 13 - creatures (including characters); <br> 14 - batteries; <br> 14 - eggs; <br> 15 - belts; <br> 16 - tools ; <br> 17 - desktop equipment (microwave oven, paint mixer, etc.); <br> 18 - ingots; <br> 19 - torpedoes; <br> 20 - cartridges; <br> 21 - access cards, < br> 22 - shops for arms; <br> 23 - logic chips; <br> 24 - bottles (milk, soybean oil); <br> 25 - microprocessors; <br> 26 - glasses.",
		"8bf3b254f3bf745b020cda1d549018f3":"The damage level of the object in the slot. 0 - whole object, 1 - completely destroyed.",
		"2e229daebe69f4c6b5320f36067ed49b":"Plant growth efficiency in an automatic hydroponic station. -1 if there is no plant.",
		"d1c5ad24f607e2253f34270d0ba90ef1":"Plant growth stage in an automatic hydroponic station. -1 if there is no plant.",
		"2c73d476804f28df3beca02fdd60e0f3":"Plant health in an automatic hydroponic station. 0 - dead plant, 1 - completely healthy, -1 - no plant.",
		"8c5f0f5020a12c2a1a76769679a87b8a":"The readiness of the plant in the automatic hydroponic station for harvesting. -1 if there is no plant.",
		"6297c7c231e5eb17981b7779bf01fa0e":"Pressure in the breathing gas cylinder of a spacesuit installed in a rack, kPa.",
		"9133975fe0b60650473f3f3627fcb2c3":"Pressure in the tank with the spent mixture of the spacesuit installed in the rack, kPa.",
		"6944a2b4fd36c0905968021de073b897":"weight \/ number of items",
		"ede00c764021e658d0808f0e0445f8cf":"For the sorter - r \/ w, Int - the next output to which the object will be sent. <br> For the stacker - w, Trigger - unloads the accumulated packing of objects into the export slot.",
		"d16a4bbc4f27554c6c43cb3d5ad37e04":"0 - everything that does not belong to other classes; <br> 1 - helmets; <br> 2 - suits and armor; <br> 3 - jetpacks and backpacks; <br> 4 - gas filters; <br> 5 - gas cylinders; <br> 6 - motherboards; <br> 7 - printed circuit boards; <br> 8 - data disc; <br> 9 - organs (brain, lungs); <br> 10 - ores; <br> 11 - plants; <br> 12 - uniforms; <br> 13 - creatures (including characters); <br> 14 - batteries; <br> 14 - eggs; <br> 15 - belts; <br> 16 - tools ; <br> 17 - desktop equipment (microwave oven, paint mixer, etc.); <br> 18 - ingots; <br> 19 - torpedoes; <br> 20 - cartridges; <br> 21 - access cards, < br> 22 - shops for arms; <br> 23 - logic chips; <br> 24 - bottles (milk, soybean oil); <br> 25 - microprocessors; <br> 26 - glasses.",
		"df50ed91fe29c9b88ce4ced5e1917571":"Set a name for the constant",
		"6c8adaba5c587c403645ca83af03e812":"Batch read to op1 from all devices with op2 hash of op3 in op4 mode",
		"264cee6f2561bb170f09e6c73518f85c":"Batch write to all devices with hash op1 to op2 of op3",
		"6a40186544839db9d15fd19dccd21968":"Fuel",
		"37a6259cc0c1dae299a7866489dff0bd":"null",
		"41c40c138d2eaa03b6b69bb0c6b6d593":"'Hey'",
		"8a669e9418750c81ab90ae159a8ec410":"Hey"
	},
	"en-ru":{
		"54dac5afe1fcac2f65c059fc97b44a58":"устарел"
	}
}